image,label,split
Center/center_0000.png,Center,train
Center/center_0001.png,Center,val
Center/center_0002.png,Center,val
Center/center_0003.png,Center,train
Center/center_0004.png,Center,train
Center/center_0005.png,Center,train
Center/center_0006.png,Center,train
Center/center_0007.png,Center,train
Center/center_0008.png,Center,train
Center/center_0009.png,Center,train
Center/center_0010.png,Center,train
Center/center_0011.png,Center,train
Center/center_0012.png,Center,train
Center/center_0013.png,Center,train
Center/center_0014.png,Center,val
Center/center_0015.png,Center,train
Center/center_0016.png,Center,train
Center/center_0017.png,Center,train
Center/center_0018.png,Center,train
Center/center_0019.png,Center,train
Center/center_0020.png,Center,val
Center/center_0021.png,Center,val
Center/center_0022.png,Center,train
Center/center_0023.png,Center,val
Center/center_0024.png,Center,train
Center/center_0025.png,Center,train
Center/center_0026.png,Center,train
Center/center_0027.png,Center,train
Center/center_0028.png,Center,train
Center/center_0029.png,Center,test
Center/center_0030.png,Center,train
Center/center_0031.png,Center,train
Center/center_0032.png,Center,test
Center/center_0033.png,Center,train
Center/center_0034.png,Center,train
Center/center_0035.png,Center,train
Center/center_0036.png,Center,train
Center/center_0037.png,Center,val
Center/center_0038.png,Center,train
Center/center_0039.png,Center,train
Center/center_0040.png,Center,train
Center/center_0041.png,Center,test
Center/center_0042.png,Center,train
Center/center_0043.png,Center,train
Center/center_0044.png,Center,train
Center/center_0045.png,Center,train
Center/center_0046.png,Center,train
Center/center_0047.png,Center,train
Center/center_0048.png,Center,test
Center/center_0049.png,Center,train
Center/center_0050.png,Center,train
Center/center_0051.png,Center,test
Center/center_0052.png,Center,val
Center/center_0053.png,Center,train
Center/center_0054.png,Center,train
Center/center_0055.png,Center,train
Center/center_0056.png,Center,train
Center/center_0057.png,Center,test
Center/center_0058.png,Center,val
Center/center_0059.png,Center,test
Center/center_0060.png,Center,test
Center/center_0061.png,Center,train
Center/center_0062.png,Center,train
Center/center_0063.png,Center,test
Center/center_0064.png,Center,train
Center/center_0065.png,Center,train
Center/center_0066.png,Center,train
Center/center_0067.png,Center,train
Center/center_0068.png,Center,train
Center/center_0069.png,Center,train
Center/center_0070.png,Center,train
Center/center_0071.png,Center,val
Center/center_0072.png,Center,train
Center/center_0073.png,Center,train
Center/center_0074.png,Center,test
Center/center_0075.png,Center,val
Center/center_0076.png,Center,train
Center/center_0077.png,Center,train
Center/center_0078.png,Center,train
Center/center_0079.png,Center,test
Center/center_0080.png,Center,train
Center/center_0081.png,Center,train
Center/center_0082.png,Center,val
Center/center_0083.png,Center,train
Center/center_0084.png,Center,val
Center/center_0085.png,Center,train
Center/center_0086.png,Center,test
Center/center_0087.png,Center,val
Center/center_0088.png,Center,train
Center/center_0089.png,Center,train
Center/center_0090.png,Center,train
Center/center_0091.png,Center,val
Center/center_0092.png,Center,test
Center/center_0093.png,Center,train
Center/center_0094.png,Center,test
Center/center_0095.png,Center,train
Center/center_0096.png,Center,train
Center/center_0097.png,Center,train
Center/center_0098.png,Center,test
Center/center_0099.png,Center,train
Donut/donut_0000.png,Donut,test
Donut/donut_0001.png,Donut,train
Donut/donut_0002.png,Donut,test
Donut/donut_0003.png,Donut,train
Donut/donut_0004.png,Donut,val
Donut/donut_0005.png,Donut,train
Donut/donut_0006.png,Donut,val
Donut/donut_0007.png,Donut,val
Donut/donut_0008.png,Donut,test
Donut/donut_0009.png,Donut,train
Donut/donut_0010.png,Donut,train
Donut/donut_0011.png,Donut,test
Donut/donut_0012.png,Donut,train
Donut/donut_0013.png,Donut,test
Donut/donut_0014.png,Donut,val
Donut/donut_0015.png,Donut,train
Donut/donut_0016.png,Donut,train
Donut/donut_0017.png,Donut,train
Donut/donut_0018.png,Donut,train
Donut/donut_0019.png,Donut,train
Donut/donut_0020.png,Donut,train
Donut/donut_0021.png,Donut,train
Donut/donut_0022.png,Donut,val
Donut/donut_0023.png,Donut,train
Donut/donut_0024.png,Donut,train
Donut/donut_0025.png,Donut,train
Donut/donut_0026.png,Donut,test
Donut/donut_0027.png,Donut,val
Donut/donut_0028.png,Donut,train
Donut/donut_0029.png,Donut,train
Donut/donut_0030.png,Donut,train
Donut/donut_0031.png,Donut,train
Donut/donut_0032.png,Donut,val
Donut/donut_0033.png,Donut,test
Donut/donut_0034.png,Donut,val
Donut/donut_0035.png,Donut,train
Donut/donut_0036.png,Donut,val
Donut/donut_0037.png,Donut,train
Donut/donut_0038.png,Donut,train
Donut/donut_0039.png,Donut,train
Donut/donut_0040.png,Donut,test
Donut/donut_0041.png,Donut,train
Donut/donut_0042.png,Donut,train
Donut/donut_0043.png,Donut,val
Donut/donut_0044.png,Donut,train
Donut/donut_0045.png,Donut,train
Donut/donut_0046.png,Donut,test
Donut/donut_0047.png,Donut,test
Donut/donut_0048.png,Donut,train
Donut/donut_0049.png,Donut,train
Donut/donut_0050.png,Donut,train
Donut/donut_0051.png,Donut,train
Donut/donut_0052.png,Donut,train
Donut/donut_0053.png,Donut,train
Donut/donut_0054.png,Donut,train
Donut/donut_0055.png,Donut,train
Donut/donut_0056.png,Donut,train
Donut/donut_0057.png,Donut,train
Donut/donut_0058.png,Donut,train
Donut/donut_0059.png,Donut,train
Donut/donut_0060.png,Donut,train
Donut/donut_0061.png,Donut,val
Donut/donut_0062.png,Donut,train
Donut/donut_0063.png,Donut,train
Donut/donut_0064.png,Donut,test
Donut/donut_0065.png,Donut,train
Donut/donut_0066.png,Donut,train
Donut/donut_0067.png,Donut,train
Donut/donut_0068.png,Donut,train
Donut/donut_0069.png,Donut,train
Donut/donut_0070.png,Donut,train
Donut/donut_0071.png,Donut,val
Donut/donut_0072.png,Donut,val
Donut/donut_0073.png,Donut,train
Donut/donut_0074.png,Donut,train
Donut/donut_0075.png,Donut,train
Donut/donut_0076.png,Donut,train
Donut/donut_0077.png,Donut,val
Donut/donut_0078.png,Donut,train
Donut/donut_0079.png,Donut,train
Donut/donut_0080.png,Donut,test
Donut/donut_0081.png,Donut,train
Donut/donut_0082.png,Donut,train
Donut/donut_0083.png,Donut,train
Donut/donut_0084.png,Donut,train
Donut/donut_0085.png,Donut,train
Donut/donut_0086.png,Donut,train
Donut/donut_0087.png,Donut,train
Donut/donut_0088.png,Donut,train
Donut/donut_0089.png,Donut,train
Donut/donut_0090.png,Donut,train
Donut/donut_0091.png,Donut,train
Donut/donut_0092.png,Donut,train
Donut/donut_0093.png,Donut,train
Donut/donut_0094.png,Donut,val
Donut/donut_0095.png,Donut,test
Donut/donut_0096.png,Donut,test
Donut/donut_0097.png,Donut,test
Donut/donut_0098.png,Donut,train
Donut/donut_0099.png,Donut,train
Edge-Loc/edge-loc_0000.png,Edge-Loc,val
Edge-Loc/edge-loc_0001.png,Edge-Loc,test
Edge-Loc/edge-loc_0002.png,Edge-Loc,test
Edge-Loc/edge-loc_0003.png,Edge-Loc,train
Edge-Loc/edge-loc_0004.png,Edge-Loc,train
Edge-Loc/edge-loc_0005.png,Edge-Loc,train
Edge-Loc/edge-loc_0006.png,Edge-Loc,train
Edge-Loc/edge-loc_0007.png,Edge-Loc,train
Edge-Loc/edge-loc_0008.png,Edge-Loc,train
Edge-Loc/edge-loc_0009.png,Edge-Loc,train
Edge-Loc/edge-loc_0010.png,Edge-Loc,test
Edge-Loc/edge-loc_0011.png,Edge-Loc,train
Edge-Loc/edge-loc_0012.png,Edge-Loc,train
Edge-Loc/edge-loc_0013.png,Edge-Loc,train
Edge-Loc/edge-loc_0014.png,Edge-Loc,train
Edge-Loc/edge-loc_0015.png,Edge-Loc,test
Edge-Loc/edge-loc_0016.png,Edge-Loc,test
Edge-Loc/edge-loc_0017.png,Edge-Loc,train
Edge-Loc/edge-loc_0018.png,Edge-Loc,test
Edge-Loc/edge-loc_0019.png,Edge-Loc,val
Edge-Loc/edge-loc_0020.png,Edge-Loc,train
Edge-Loc/edge-loc_0021.png,Edge-Loc,train
Edge-Loc/edge-loc_0022.png,Edge-Loc,train
Edge-Loc/edge-loc_0023.png,Edge-Loc,val
Edge-Loc/edge-loc_0024.png,Edge-Loc,train
Edge-Loc/edge-loc_0025.png,Edge-Loc,train
Edge-Loc/edge-loc_0026.png,Edge-Loc,train
Edge-Loc/edge-loc_0027.png,Edge-Loc,train
Edge-Loc/edge-loc_0028.png,Edge-Loc,train
Edge-Loc/edge-loc_0029.png,Edge-Loc,train
Edge-Loc/edge-loc_0030.png,Edge-Loc,train
Edge-Loc/edge-loc_0031.png,Edge-Loc,val
Edge-Loc/edge-loc_0032.png,Edge-Loc,train
Edge-Loc/edge-loc_0033.png,Edge-Loc,train
Edge-Loc/edge-loc_0034.png,Edge-Loc,train
Edge-Loc/edge-loc_0035.png,Edge-Loc,test
Edge-Loc/edge-loc_0036.png,Edge-Loc,train
Edge-Loc/edge-loc_0037.png,Edge-Loc,val
Edge-Loc/edge-loc_0038.png,Edge-Loc,train
Edge-Loc/edge-loc_0039.png,Edge-Loc,train
Edge-Loc/edge-loc_0040.png,Edge-Loc,train
Edge-Loc/edge-loc_0041.png,Edge-Loc,train
Edge-Loc/edge-loc_0042.png,Edge-Loc,train
Edge-Loc/edge-loc_0043.png,Edge-Loc,test
Edge-Loc/edge-loc_0044.png,Edge-Loc,train
Edge-Loc/edge-loc_0045.png,Edge-Loc,train
Edge-Loc/edge-loc_0046.png,Edge-Loc,train
Edge-Loc/edge-loc_0047.png,Edge-Loc,train
Edge-Loc/edge-loc_0048.png,Edge-Loc,train
Edge-Loc/edge-loc_0049.png,Edge-Loc,train
Edge-Loc/edge-loc_0050.png,Edge-Loc,train
Edge-Loc/edge-loc_0051.png,Edge-Loc,train
Edge-Loc/edge-loc_0052.png,Edge-Loc,test
Edge-Loc/edge-loc_0053.png,Edge-Loc,train
Edge-Loc/edge-loc_0054.png,Edge-Loc,val
Edge-Loc/edge-loc_0055.png,Edge-Loc,test
Edge-Loc/edge-loc_0056.png,Edge-Loc,train
Edge-Loc/edge-loc_0057.png,Edge-Loc,train
Edge-Loc/edge-loc_0058.png,Edge-Loc,val
Edge-Loc/edge-loc_0059.png,Edge-Loc,train
Edge-Loc/edge-loc_0060.png,Edge-Loc,train
Edge-Loc/edge-loc_0061.png,Edge-Loc,train
Edge-Loc/edge-loc_0062.png,Edge-Loc,train
Edge-Loc/edge-loc_0063.png,Edge-Loc,train
Edge-Loc/edge-loc_0064.png,Edge-Loc,train
Edge-Loc/edge-loc_0065.png,Edge-Loc,train
Edge-Loc/edge-loc_0066.png,Edge-Loc,train
Edge-Loc/edge-loc_0067.png,Edge-Loc,test
Edge-Loc/edge-loc_0068.png,Edge-Loc,test
Edge-Loc/edge-loc_0069.png,Edge-Loc,val
Edge-Loc/edge-loc_0070.png,Edge-Loc,train
Edge-Loc/edge-loc_0071.png,Edge-Loc,train
Edge-Loc/edge-loc_0072.png,Edge-Loc,val
Edge-Loc/edge-loc_0073.png,Edge-Loc,train
Edge-Loc/edge-loc_0074.png,Edge-Loc,val
Edge-Loc/edge-loc_0075.png,Edge-Loc,train
Edge-Loc/edge-loc_0076.png,Edge-Loc,val
Edge-Loc/edge-loc_0077.png,Edge-Loc,train
Edge-Loc/edge-loc_0078.png,Edge-Loc,train
Edge-Loc/edge-loc_0079.png,Edge-Loc,train
Edge-Loc/edge-loc_0080.png,Edge-Loc,val
Edge-Loc/edge-loc_0081.png,Edge-Loc,train
Edge-Loc/edge-loc_0082.png,Edge-Loc,train
Edge-Loc/edge-loc_0083.png,Edge-Loc,train
Edge-Loc/edge-loc_0084.png,Edge-Loc,train
Edge-Loc/edge-loc_0085.png,Edge-Loc,train
Edge-Loc/edge-loc_0086.png,Edge-Loc,train
Edge-Loc/edge-loc_0087.png,Edge-Loc,train
Edge-Loc/edge-loc_0088.png,Edge-Loc,train
Edge-Loc/edge-loc_0089.png,Edge-Loc,val
Edge-Loc/edge-loc_0090.png,Edge-Loc,test
Edge-Loc/edge-loc_0091.png,Edge-Loc,test
Edge-Loc/edge-loc_0092.png,Edge-Loc,train
Edge-Loc/edge-loc_0093.png,Edge-Loc,train
Edge-Loc/edge-loc_0094.png,Edge-Loc,train
Edge-Loc/edge-loc_0095.png,Edge-Loc,val
Edge-Loc/edge-loc_0096.png,Edge-Loc,val
Edge-Loc/edge-loc_0097.png,Edge-Loc,train
Edge-Loc/edge-loc_0098.png,Edge-Loc,test
Edge-Loc/edge-loc_0099.png,Edge-Loc,train
Edge-Ring/edge-ring_0000.png,Edge-Ring,train
Edge-Ring/edge-ring_0001.png,Edge-Ring,train
Edge-Ring/edge-ring_0002.png,Edge-Ring,train
Edge-Ring/edge-ring_0003.png,Edge-Ring,val
Edge-Ring/edge-ring_0004.png,Edge-Ring,train
Edge-Ring/edge-ring_0005.png,Edge-Ring,val
Edge-Ring/edge-ring_0006.png,Edge-Ring,train
Edge-Ring/edge-ring_0007.png,Edge-Ring,val
Edge-Ring/edge-ring_0008.png,Edge-Ring,train
Edge-Ring/edge-ring_0009.png,Edge-Ring,train
Edge-Ring/edge-ring_0010.png,Edge-Ring,train
Edge-Ring/edge-ring_0011.png,Edge-Ring,train
Edge-Ring/edge-ring_0012.png,Edge-Ring,train
Edge-Ring/edge-ring_0013.png,Edge-Ring,train
Edge-Ring/edge-ring_0014.png,Edge-Ring,train
Edge-Ring/edge-ring_0015.png,Edge-Ring,train
Edge-Ring/edge-ring_0016.png,Edge-Ring,val
Edge-Ring/edge-ring_0017.png,Edge-Ring,train
Edge-Ring/edge-ring_0018.png,Edge-Ring,test
Edge-Ring/edge-ring_0019.png,Edge-Ring,train
Edge-Ring/edge-ring_0020.png,Edge-Ring,val
Edge-Ring/edge-ring_0021.png,Edge-Ring,test
Edge-Ring/edge-ring_0022.png,Edge-Ring,train
Edge-Ring/edge-ring_0023.png,Edge-Ring,val
Edge-Ring/edge-ring_0024.png,Edge-Ring,train
Edge-Ring/edge-ring_0025.png,Edge-Ring,train
Edge-Ring/edge-ring_0026.png,Edge-Ring,test
Edge-Ring/edge-ring_0027.png,Edge-Ring,test
Edge-Ring/edge-ring_0028.png,Edge-Ring,train
Edge-Ring/edge-ring_0029.png,Edge-Ring,test
Edge-Ring/edge-ring_0030.png,Edge-Ring,train
Edge-Ring/edge-ring_0031.png,Edge-Ring,train
Edge-Ring/edge-ring_0032.png,Edge-Ring,train
Edge-Ring/edge-ring_0033.png,Edge-Ring,train
Edge-Ring/edge-ring_0034.png,Edge-Ring,test
Edge-Ring/edge-ring_0035.png,Edge-Ring,train
Edge-Ring/edge-ring_0036.png,Edge-Ring,test
Edge-Ring/edge-ring_0037.png,Edge-Ring,val
Edge-Ring/edge-ring_0038.png,Edge-Ring,train
Edge-Ring/edge-ring_0039.png,Edge-Ring,train
Edge-Ring/edge-ring_0040.png,Edge-Ring,train
Edge-Ring/edge-ring_0041.png,Edge-Ring,train
Edge-Ring/edge-ring_0042.png,Edge-Ring,train
Edge-Ring/edge-ring_0043.png,Edge-Ring,val
Edge-Ring/edge-ring_0044.png,Edge-Ring,train
Edge-Ring/edge-ring_0045.png,Edge-Ring,test
Edge-Ring/edge-ring_0046.png,Edge-Ring,train
Edge-Ring/edge-ring_0047.png,Edge-Ring,test
Edge-Ring/edge-ring_0048.png,Edge-Ring,test
Edge-Ring/edge-ring_0049.png,Edge-Ring,train
Edge-Ring/edge-ring_0050.png,Edge-Ring,test
Edge-Ring/edge-ring_0051.png,Edge-Ring,train
Edge-Ring/edge-ring_0052.png,Edge-Ring,train
Edge-Ring/edge-ring_0053.png,Edge-Ring,test
Edge-Ring/edge-ring_0054.png,Edge-Ring,train
Edge-Ring/edge-ring_0055.png,Edge-Ring,train
Edge-Ring/edge-ring_0056.png,Edge-Ring,train
Edge-Ring/edge-ring_0057.png,Edge-Ring,train
Edge-Ring/edge-ring_0058.png,Edge-Ring,val
Edge-Ring/edge-ring_0059.png,Edge-Ring,train
Edge-Ring/edge-ring_0060.png,Edge-Ring,test
Edge-Ring/edge-ring_0061.png,Edge-Ring,train
Edge-Ring/edge-ring_0062.png,Edge-Ring,train
Edge-Ring/edge-ring_0063.png,Edge-Ring,val
Edge-Ring/edge-ring_0064.png,Edge-Ring,train
Edge-Ring/edge-ring_0065.png,Edge-Ring,train
Edge-Ring/edge-ring_0066.png,Edge-Ring,train
Edge-Ring/edge-ring_0067.png,Edge-Ring,train
Edge-Ring/edge-ring_0068.png,Edge-Ring,val
Edge-Ring/edge-ring_0069.png,Edge-Ring,train
Edge-Ring/edge-ring_0070.png,Edge-Ring,train
Edge-Ring/edge-ring_0071.png,Edge-Ring,train
Edge-Ring/edge-ring_0072.png,Edge-Ring,train
Edge-Ring/edge-ring_0073.png,Edge-Ring,train
Edge-Ring/edge-ring_0074.png,Edge-Ring,train
Edge-Ring/edge-ring_0075.png,Edge-Ring,val
Edge-Ring/edge-ring_0076.png,Edge-Ring,train
Edge-Ring/edge-ring_0077.png,Edge-Ring,train
Edge-Ring/edge-ring_0078.png,Edge-Ring,train
Edge-Ring/edge-ring_0079.png,Edge-Ring,train
Edge-Ring/edge-ring_0080.png,Edge-Ring,train
Edge-Ring/edge-ring_0081.png,Edge-Ring,train
Edge-Ring/edge-ring_0082.png,Edge-Ring,train
Edge-Ring/edge-ring_0083.png,Edge-Ring,train
Edge-Ring/edge-ring_0084.png,Edge-Ring,train
Edge-Ring/edge-ring_0085.png,Edge-Ring,test
Edge-Ring/edge-ring_0086.png,Edge-Ring,train
Edge-Ring/edge-ring_0087.png,Edge-Ring,val
Edge-Ring/edge-ring_0088.png,Edge-Ring,train
Edge-Ring/edge-ring_0089.png,Edge-Ring,train
Edge-Ring/edge-ring_0090.png,Edge-Ring,val
Edge-Ring/edge-ring_0091.png,Edge-Ring,train
Edge-Ring/edge-ring_0092.png,Edge-Ring,train
Edge-Ring/edge-ring_0093.png,Edge-Ring,train
Edge-Ring/edge-ring_0094.png,Edge-Ring,train
Edge-Ring/edge-ring_0095.png,Edge-Ring,val
Edge-Ring/edge-ring_0096.png,Edge-Ring,train
Edge-Ring/edge-ring_0097.png,Edge-Ring,test
Edge-Ring/edge-ring_0098.png,Edge-Ring,train
Edge-Ring/edge-ring_0099.png,Edge-Ring,train
Loc/loc_0000.png,Loc,val
Loc/loc_0001.png,Loc,train
Loc/loc_0002.png,Loc,train
Loc/loc_0003.png,Loc,train
Loc/loc_0004.png,Loc,val
Loc/loc_0005.png,Loc,test
Loc/loc_0006.png,Loc,train
Loc/loc_0007.png,Loc,test
Loc/loc_0008.png,Loc,val
Loc/loc_0009.png,Loc,train
Loc/loc_0010.png,Loc,train
Loc/loc_0011.png,Loc,test
Loc/loc_0012.png,Loc,val
Loc/loc_0013.png,Loc,train
Loc/loc_0014.png,Loc,train
Loc/loc_0015.png,Loc,val
Loc/loc_0016.png,Loc,val
Loc/loc_0017.png,Loc,train
Loc/loc_0018.png,Loc,test
Loc/loc_0019.png,Loc,train
Loc/loc_0020.png,Loc,train
Loc/loc_0021.png,Loc,train
Loc/loc_0022.png,Loc,test
Loc/loc_0023.png,Loc,train
Loc/loc_0024.png,Loc,train
Loc/loc_0025.png,Loc,train
Loc/loc_0026.png,Loc,train
Loc/loc_0027.png,Loc,train
Loc/loc_0028.png,Loc,train
Loc/loc_0029.png,Loc,test
Loc/loc_0030.png,Loc,train
Loc/loc_0031.png,Loc,train
Loc/loc_0032.png,Loc,train
Loc/loc_0033.png,Loc,val
Loc/loc_0034.png,Loc,train
Loc/loc_0035.png,Loc,train
Loc/loc_0036.png,Loc,train
Loc/loc_0037.png,Loc,train
Loc/loc_0038.png,Loc,train
Loc/loc_0039.png,Loc,val
Loc/loc_0040.png,Loc,train
Loc/loc_0041.png,Loc,train
Loc/loc_0042.png,Loc,train
Loc/loc_0043.png,Loc,train
Loc/loc_0044.png,Loc,train
Loc/loc_0045.png,Loc,train
Loc/loc_0046.png,Loc,test
Loc/loc_0047.png,Loc,val
Loc/loc_0048.png,Loc,train
Loc/loc_0049.png,Loc,train
Loc/loc_0050.png,Loc,train
Loc/loc_0051.png,Loc,test
Loc/loc_0052.png,Loc,test
Loc/loc_0053.png,Loc,train
Loc/loc_0054.png,Loc,test
Loc/loc_0055.png,Loc,train
Loc/loc_0056.png,Loc,train
Loc/loc_0057.png,Loc,val
Loc/loc_0058.png,Loc,train
Loc/loc_0059.png,Loc,test
Loc/loc_0060.png,Loc,train
Loc/loc_0061.png,Loc,val
Loc/loc_0062.png,Loc,val
Loc/loc_0063.png,Loc,train
Loc/loc_0064.png,Loc,train
Loc/loc_0065.png,Loc,train
Loc/loc_0066.png,Loc,train
Loc/loc_0067.png,Loc,val
Loc/loc_0068.png,Loc,train
Loc/loc_0069.png,Loc,train
Loc/loc_0070.png,Loc,train
Loc/loc_0071.png,Loc,train
Loc/loc_0072.png,Loc,train
Loc/loc_0073.png,Loc,test
Loc/loc_0074.png,Loc,train
Loc/loc_0075.png,Loc,test
Loc/loc_0076.png,Loc,train
Loc/loc_0077.png,Loc,train
Loc/loc_0078.png,Loc,train
Loc/loc_0079.png,Loc,train
Loc/loc_0080.png,Loc,train
Loc/loc_0081.png,Loc,val
Loc/loc_0082.png,Loc,train
Loc/loc_0083.png,Loc,train
Loc/loc_0084.png,Loc,train
Loc/loc_0085.png,Loc,test
Loc/loc_0086.png,Loc,train
Loc/loc_0087.png,Loc,train
Loc/loc_0088.png,Loc,train
Loc/loc_0089.png,Loc,train
Loc/loc_0090.png,Loc,train
Loc/loc_0091.png,Loc,test
Loc/loc_0092.png,Loc,train
Loc/loc_0093.png,Loc,val
Loc/loc_0094.png,Loc,train
Loc/loc_0095.png,Loc,train
Loc/loc_0096.png,Loc,train
Loc/loc_0097.png,Loc,train
Loc/loc_0098.png,Loc,train
Loc/loc_0099.png,Loc,train
Near-Full/near-full_0000.png,Near-Full,train
Near-Full/near-full_0001.png,Near-Full,test
Near-Full/near-full_0002.png,Near-Full,train
Near-Full/near-full_0003.png,Near-Full,train
Near-Full/near-full_0004.png,Near-Full,train
Near-Full/near-full_0005.png,Near-Full,train
Near-Full/near-full_0006.png,Near-Full,val
Near-Full/near-full_0007.png,Near-Full,val
Near-Full/near-full_0008.png,Near-Full,train
Near-Full/near-full_0009.png,Near-Full,val
Near-Full/near-full_0010.png,Near-Full,train
Near-Full/near-full_0011.png,Near-Full,test
Near-Full/near-full_0012.png,Near-Full,train
Near-Full/near-full_0013.png,Near-Full,train
Near-Full/near-full_0014.png,Near-Full,train
Near-Full/near-full_0015.png,Near-Full,train
Near-Full/near-full_0016.png,Near-Full,train
Near-Full/near-full_0017.png,Near-Full,train
Near-Full/near-full_0018.png,Near-Full,train
Near-Full/near-full_0019.png,Near-Full,train
Near-Full/near-full_0020.png,Near-Full,val
Near-Full/near-full_0021.png,Near-Full,train
Near-Full/near-full_0022.png,Near-Full,val
Near-Full/near-full_0023.png,Near-Full,val
Near-Full/near-full_0024.png,Near-Full,train
Near-Full/near-full_0025.png,Near-Full,val
Near-Full/near-full_0026.png,Near-Full,train
Near-Full/near-full_0027.png,Near-Full,train
Near-Full/near-full_0028.png,Near-Full,test
Near-Full/near-full_0029.png,Near-Full,train
Near-Full/near-full_0030.png,Near-Full,train
Near-Full/near-full_0031.png,Near-Full,train
Near-Full/near-full_0032.png,Near-Full,train
Near-Full/near-full_0033.png,Near-Full,test
Near-Full/near-full_0034.png,Near-Full,test
Near-Full/near-full_0035.png,Near-Full,val
Near-Full/near-full_0036.png,Near-Full,val
Near-Full/near-full_0037.png,Near-Full,train
Near-Full/near-full_0038.png,Near-Full,train
Near-Full/near-full_0039.png,Near-Full,train
Near-Full/near-full_0040.png,Near-Full,train
Near-Full/near-full_0041.png,Near-Full,train
Near-Full/near-full_0042.png,Near-Full,train
Near-Full/near-full_0043.png,Near-Full,train
Near-Full/near-full_0044.png,Near-Full,train
Near-Full/near-full_0045.png,Near-Full,val
Near-Full/near-full_0046.png,Near-Full,train
Near-Full/near-full_0047.png,Near-Full,train
Near-Full/near-full_0048.png,Near-Full,test
Near-Full/near-full_0049.png,Near-Full,train
Near-Full/near-full_0050.png,Near-Full,train
Near-Full/near-full_0051.png,Near-Full,train
Near-Full/near-full_0052.png,Near-Full,train
Near-Full/near-full_0053.png,Near-Full,train
Near-Full/near-full_0054.png,Near-Full,train
Near-Full/near-full_0055.png,Near-Full,train
Near-Full/near-full_0056.png,Near-Full,train
Near-Full/near-full_0057.png,Near-Full,test
Near-Full/near-full_0058.png,Near-Full,train
Near-Full/near-full_0059.png,Near-Full,train
Near-Full/near-full_0060.png,Near-Full,train
Near-Full/near-full_0061.png,Near-Full,test
Near-Full/near-full_0062.png,Near-Full,train
Near-Full/near-full_0063.png,Near-Full,val
Near-Full/near-full_0064.png,Near-Full,train
Near-Full/near-full_0065.png,Near-Full,train
Near-Full/near-full_0066.png,Near-Full,train
Near-Full/near-full_0067.png,Near-Full,test
Near-Full/near-full_0068.png,Near-Full,train
Near-Full/near-full_0069.png,Near-Full,train
Near-Full/near-full_0070.png,Near-Full,train
Near-Full/near-full_0071.png,Near-Full,train
Near-Full/near-full_0072.png,Near-Full,val
Near-Full/near-full_0073.png,Near-Full,test
Near-Full/near-full_0074.png,Near-Full,val
Near-Full/near-full_0075.png,Near-Full,train
Near-Full/near-full_0076.png,Near-Full,train
Near-Full/near-full_0077.png,Near-Full,test
Near-Full/near-full_0078.png,Near-Full,train
Near-Full/near-full_0079.png,Near-Full,train
Near-Full/near-full_0080.png,Near-Full,val
Near-Full/near-full_0081.png,Near-Full,train
Near-Full/near-full_0082.png,Near-Full,test
Near-Full/near-full_0083.png,Near-Full,train
Near-Full/near-full_0084.png,Near-Full,train
Near-Full/near-full_0085.png,Near-Full,train
Near-Full/near-full_0086.png,Near-Full,val
Near-Full/near-full_0087.png,Near-Full,train
Near-Full/near-full_0088.png,Near-Full,train
Near-Full/near-full_0089.png,Near-Full,test
Near-Full/near-full_0090.png,Near-Full,train
Near-Full/near-full_0091.png,Near-Full,train
Near-Full/near-full_0092.png,Near-Full,train
Near-Full/near-full_0093.png,Near-Full,test
Near-Full/near-full_0094.png,Near-Full,test
Near-Full/near-full_0095.png,Near-Full,train
Near-Full/near-full_0096.png,Near-Full,train
Near-Full/near-full_0097.png,Near-Full,train
Near-Full/near-full_0098.png,Near-Full,train
Near-Full/near-full_0099.png,Near-Full,train
Random/random_0000.png,Random,test
Random/random_0001.png,Random,train
Random/random_0002.png,Random,val
Random/random_0003.png,Random,train
Random/random_0004.png,Random,val
Random/random_0005.png,Random,val
Random/random_0006.png,Random,train
Random/random_0007.png,Random,train
Random/random_0008.png,Random,train
Random/random_0009.png,Random,train
Random/random_0010.png,Random,test
Random/random_0011.png,Random,train
Random/random_0012.png,Random,train
Random/random_0013.png,Random,train
Random/random_0014.png,Random,train
Random/random_0015.png,Random,train
Random/random_0016.png,Random,test
Random/random_0017.png,Random,val
Random/random_0018.png,Random,train
Random/random_0019.png,Random,train
Random/random_0020.png,Random,test
Random/random_0021.png,Random,train
Random/random_0022.png,Random,test
Random/random_0023.png,Random,train
Random/random_0024.png,Random,train
Random/random_0025.png,Random,val
Random/random_0026.png,Random,test
Random/random_0027.png,Random,train
Random/random_0028.png,Random,train
Random/random_0029.png,Random,train
Random/random_0030.png,Random,train
Random/random_0031.png,Random,train
Random/random_0032.png,Random,val
Random/random_0033.png,Random,train
Random/random_0034.png,Random,train
Random/random_0035.png,Random,train
Random/random_0036.png,Random,val
Random/random_0037.png,Random,train
Random/random_0038.png,Random,train
Random/random_0039.png,Random,train
Random/random_0040.png,Random,train
Random/random_0041.png,Random,train
Random/random_0042.png,Random,train
Random/random_0043.png,Random,train
Random/random_0044.png,Random,train
Random/random_0045.png,Random,train
Random/random_0046.png,Random,train
Random/random_0047.png,Random,train
Random/random_0048.png,Random,val
Random/random_0049.png,Random,train
Random/random_0050.png,Random,train
Random/random_0051.png,Random,train
Random/random_0052.png,Random,test
Random/random_0053.png,Random,train
Random/random_0054.png,Random,val
Random/random_0055.png,Random,train
Random/random_0056.png,Random,train
Random/random_0057.png,Random,train
Random/random_0058.png,Random,test
Random/random_0059.png,Random,train
Random/random_0060.png,Random,train
Random/random_0061.png,Random,train
Random/random_0062.png,Random,val
Random/random_0063.png,Random,train
Random/random_0064.png,Random,val
Random/random_0065.png,Random,train
Random/random_0066.png,Random,train
Random/random_0067.png,Random,train
Random/random_0068.png,Random,test
Random/random_0069.png,Random,train
Random/random_0070.png,Random,train
Random/random_0071.png,Random,train
Random/random_0072.png,Random,train
Random/random_0073.png,Random,train
Random/random_0074.png,Random,train
Random/random_0075.png,Random,test
Random/random_0076.png,Random,val
Random/random_0077.png,Random,train
Random/random_0078.png,Random,train
Random/random_0079.png,Random,train
Random/random_0080.png,Random,train
Random/random_0081.png,Random,train
Random/random_0082.png,Random,test
Random/random_0083.png,Random,train
Random/random_0084.png,Random,test
Random/random_0085.png,Random,val
Random/random_0086.png,Random,train
Random/random_0087.png,Random,train
Random/random_0088.png,Random,test
Random/random_0089.png,Random,train
Random/random_0090.png,Random,train
Random/random_0091.png,Random,train
Random/random_0092.png,Random,train
Random/random_0093.png,Random,train
Random/random_0094.png,Random,val
Random/random_0095.png,Random,test
Random/random_0096.png,Random,train
Random/random_0097.png,Random,train
Random/random_0098.png,Random,test
Random/random_0099.png,Random,val
Scratch/scratch_0000.png,Scratch,val
Scratch/scratch_0001.png,Scratch,train
Scratch/scratch_0002.png,Scratch,train
Scratch/scratch_0003.png,Scratch,test
Scratch/scratch_0004.png,Scratch,val
Scratch/scratch_0005.png,Scratch,train
Scratch/scratch_0006.png,Scratch,train
Scratch/scratch_0007.png,Scratch,val
Scratch/scratch_0008.png,Scratch,train
Scratch/scratch_0009.png,Scratch,train
Scratch/scratch_0010.png,Scratch,train
Scratch/scratch_0011.png,Scratch,train
Scratch/scratch_0012.png,Scratch,train
Scratch/scratch_0013.png,Scratch,train
Scratch/scratch_0014.png,Scratch,train
Scratch/scratch_0015.png,Scratch,val
Scratch/scratch_0016.png,Scratch,train
Scratch/scratch_0017.png,Scratch,train
Scratch/scratch_0018.png,Scratch,val
Scratch/scratch_0019.png,Scratch,train
Scratch/scratch_0020.png,Scratch,test
Scratch/scratch_0021.png,Scratch,test
Scratch/scratch_0022.png,Scratch,test
Scratch/scratch_0023.png,Scratch,train
Scratch/scratch_0024.png,Scratch,val
Scratch/scratch_0025.png,Scratch,train
Scratch/scratch_0026.png,Scratch,test
Scratch/scratch_0027.png,Scratch,train
Scratch/scratch_0028.png,Scratch,train
Scratch/scratch_0029.png,Scratch,train
Scratch/scratch_0030.png,Scratch,train
Scratch/scratch_0031.png,Scratch,test
Scratch/scratch_0032.png,Scratch,train
Scratch/scratch_0033.png,Scratch,train
Scratch/scratch_0034.png,Scratch,train
Scratch/scratch_0035.png,Scratch,train
Scratch/scratch_0036.png,Scratch,train
Scratch/scratch_0037.png,Scratch,train
Scratch/scratch_0038.png,Scratch,train
Scratch/scratch_0039.png,Scratch,train
Scratch/scratch_0040.png,Scratch,train
Scratch/scratch_0041.png,Scratch,val
Scratch/scratch_0042.png,Scratch,test
Scratch/scratch_0043.png,Scratch,train
Scratch/scratch_0044.png,Scratch,train
Scratch/scratch_0045.png,Scratch,train
Scratch/scratch_0046.png,Scratch,train
Scratch/scratch_0047.png,Scratch,train
Scratch/scratch_0048.png,Scratch,train
Scratch/scratch_0049.png,Scratch,val
Scratch/scratch_0050.png,Scratch,val
Scratch/scratch_0051.png,Scratch,train
Scratch/scratch_0052.png,Scratch,train
Scratch/scratch_0053.png,Scratch,train
Scratch/scratch_0054.png,Scratch,val
Scratch/scratch_0055.png,Scratch,val
Scratch/scratch_0056.png,Scratch,train
Scratch/scratch_0057.png,Scratch,train
Scratch/scratch_0058.png,Scratch,train
Scratch/scratch_0059.png,Scratch,train
Scratch/scratch_0060.png,Scratch,val
Scratch/scratch_0061.png,Scratch,train
Scratch/scratch_0062.png,Scratch,train
Scratch/scratch_0063.png,Scratch,train
Scratch/scratch_0064.png,Scratch,train
Scratch/scratch_0065.png,Scratch,train
Scratch/scratch_0066.png,Scratch,val
Scratch/scratch_0067.png,Scratch,train
Scratch/scratch_0068.png,Scratch,train
Scratch/scratch_0069.png,Scratch,test
Scratch/scratch_0070.png,Scratch,train
Scratch/scratch_0071.png,Scratch,train
Scratch/scratch_0072.png,Scratch,train
Scratch/scratch_0073.png,Scratch,train
Scratch/scratch_0074.png,Scratch,test
Scratch/scratch_0075.png,Scratch,train
Scratch/scratch_0076.png,Scratch,train
Scratch/scratch_0077.png,Scratch,test
Scratch/scratch_0078.png,Scratch,val
Scratch/scratch_0079.png,Scratch,test
Scratch/scratch_0080.png,Scratch,train
Scratch/scratch_0081.png,Scratch,val
Scratch/scratch_0082.png,Scratch,train
Scratch/scratch_0083.png,Scratch,train
Scratch/scratch_0084.png,Scratch,train
Scratch/scratch_0085.png,Scratch,train
Scratch/scratch_0086.png,Scratch,test
Scratch/scratch_0087.png,Scratch,train
Scratch/scratch_0088.png,Scratch,train
Scratch/scratch_0089.png,Scratch,train
Scratch/scratch_0090.png,Scratch,test
Scratch/scratch_0091.png,Scratch,train
Scratch/scratch_0092.png,Scratch,train
Scratch/scratch_0093.png,Scratch,train
Scratch/scratch_0094.png,Scratch,test
Scratch/scratch_0095.png,Scratch,train
Scratch/scratch_0096.png,Scratch,train
Scratch/scratch_0097.png,Scratch,train
Scratch/scratch_0098.png,Scratch,test
Scratch/scratch_0099.png,Scratch,train
None/none_0000.png,None,val
None/none_0001.png,None,train
None/none_0002.png,None,test
None/none_0003.png,None,test
None/none_0004.png,None,train
None/none_0005.png,None,train
None/none_0006.png,None,train
None/none_0007.png,None,train
None/none_0008.png,None,train
None/none_0009.png,None,train
None/none_0010.png,None,train
None/none_0011.png,None,train
None/none_0012.png,None,test
None/none_0013.png,None,train
None/none_0014.png,None,train
None/none_0015.png,None,train
None/none_0016.png,None,test
None/none_0017.png,None,train
None/none_0018.png,None,val
None/none_0019.png,None,test
None/none_0020.png,None,train
None/none_0021.png,None,train
None/none_0022.png,None,train
None/none_0023.png,None,train
None/none_0024.png,None,test
None/none_0025.png,None,train
None/none_0026.png,None,train
None/none_0027.png,None,train
None/none_0028.png,None,train
None/none_0029.png,None,train
None/none_0030.png,None,test
None/none_0031.png,None,train
None/none_0032.png,None,train
None/none_0033.png,None,train
None/none_0034.png,None,train
None/none_0035.png,None,val
None/none_0036.png,None,train
None/none_0037.png,None,train
None/none_0038.png,None,val
None/none_0039.png,None,train
None/none_0040.png,None,train
None/none_0041.png,None,train
None/none_0042.png,None,train
None/none_0043.png,None,train
None/none_0044.png,None,test
None/none_0045.png,None,train
None/none_0046.png,None,train
None/none_0047.png,None,train
None/none_0048.png,None,train
None/none_0049.png,None,train
None/none_0050.png,None,train
None/none_0051.png,None,train
None/none_0052.png,None,train
None/none_0053.png,None,test
None/none_0054.png,None,train
None/none_0055.png,None,test
None/none_0056.png,None,train
None/none_0057.png,None,test
None/none_0058.png,None,train
None/none_0059.png,None,train
None/none_0060.png,None,val
None/none_0061.png,None,test
None/none_0062.png,None,val
None/none_0063.png,None,train
None/none_0064.png,None,train
None/none_0065.png,None,train
None/none_0066.png,None,test
None/none_0067.png,None,train
None/none_0068.png,None,train
None/none_0069.png,None,val
None/none_0070.png,None,val
None/none_0071.png,None,test
None/none_0072.png,None,train
None/none_0073.png,None,val
None/none_0074.png,None,train
None/none_0075.png,None,train
None/none_0076.png,None,train
None/none_0077.png,None,train
None/none_0078.png,None,train
None/none_0079.png,None,train
None/none_0080.png,None,train
None/none_0081.png,None,train
None/none_0082.png,None,train
None/none_0083.png,None,train
None/none_0084.png,None,val
None/none_0085.png,None,val
None/none_0086.png,None,train
None/none_0087.png,None,test
None/none_0088.png,None,val
None/none_0089.png,None,val
None/none_0090.png,None,val
None/none_0091.png,None,train
None/none_0092.png,None,train
None/none_0093.png,None,train
None/none_0094.png,None,train
None/none_0095.png,None,val
None/none_0096.png,None,train
None/none_0097.png,None,train
None/none_0098.png,None,train
None/none_0099.png,None,train
